Country Name,Indicator Name,1988,1989,1990,1991,1992,1993,1994,1995,1996,1997,1998,1999,2000,2001,2002,2003,2004,2005,2006,2007,2008,2009,2010,2011,2012,2013,2014,2015,2016,2017,2018,2019,2020,2021
Aruba,Land area (sq. km),,,180,180,180,180,180,180,180,180,180,180,180,180,180,180,180,180,180,180,180,180,180,180,180,180,180,180,180,180,180,180,180,180
Africa Eastern and Southern,Land area (sq. km),,,14777964.27,14777964.27,14777964.27,14676964.27,14676964.27,14676964.27,14676964.27,14676964.27,14676964.27,14676964.27,14676964.27,14676964.27,14676964.27,14676964.27,14806228.6,14806282.05,14806278.62,14806251.57,14806236.33,14806235.25,14806927.65,14807137.36,14807138.97,14807144.33,14807112.68,14807162.34,14807070.34,14807044.03,14807043.23,14807043.23,14807043.23,14807043.23
Afghanistan,Land area (sq. km),,,652860,652860,652860,652860,652860,652860,652860,652860,652860,652860,652860,652860,652860,652860,652860,652860,652860,652860,652860,652860,652860,652860,652860,652860,652860,652860,652860,652860,652860,652860,652860,652860
Africa Western and Central,Land area (sq. km),,,9045780,9045780,9045780,9045780,9045780,9045780,9045780,9045780,9045780,9045780,9045780,9045780,9045780,9045780,9045780,9045780,9045780,9045780,9045780,9045780,9045780,9045780,9045780,9045780,9045780,9045780,9045780,9045780,9045780,9045780,9045780,9045780
Angola,Land area (sq. km),,,1246700,1246700,1246700,1246700,1246700,1246700,1246700,1246700,1246700,1246700,1246700,1246700,1246700,1246700,1246700,1246700,1246700,1246700,1246700,1246700,1246700,1246700,1246700,1246700,1246700,1246700,1246700,1246700,1246700,1246700,1246700,1246700
Albania,Land area (sq. km),,,27400,27400,27400,27400,27400,27400,27400,27400,27400,27400,27400,27400,27400,27400,27400,27400,27400,27400,27400,27400,27400,27400,27400,27400,27400,27400,27400,27400,27400,27400,27400,27400
Andorra,Land area (sq. km),,,470,470,470,470,470,470,470,470,470,470,470,470,470,470,470,470,470,470,470,470,470,470,470,470,470,470,470,470,470,470,470,470
United Arab Emirates,Land area (sq. km),,,71020,71020,71020,71020,71020,71020,71020,71020,71020,71020,71020,71020,71020,71020,71020,71020,71020,71020,71020,71020,71020,71020,71020,71020,71020,71020,71020,71020,71020,71020,71020,71020
Argentina,Land area (sq. km),,,2736690,2736690,2736690,2736690,2736690,2736690,2736690,2736690,2736690,2736690,2736690,2736690,2736690,2736690,2736690,2736690,2736690,2736690,2736690,2736690,2736690,2736690,2736690,2736690,2736690,2736690,2736690,2736690,2736690,2736690,2736690,2736690
Armenia,Land area (sq. km),,,28470,28470,28470,28470,28470,28470,28470,28470,28470,28470,28470,28470,28470,28470,28470,28470,28470,28470,28470,28470,28470,28470,28470,28470,28470,28470,28470,28470,28470,28470,28470,28470
American Samoa,Land area (sq. km),,,200,200,200,200,200,200,200,200,200,200,200,200,200,200,200,200,200,200,200,200,200,200,200,200,200,200,200,200,200,200,200,200
Antigua and Barbuda,Land area (sq. km),,,440,440,440,440,440,440,440,440,440,440,440,440,440,440,440,440,440,440,440,440,440,440,440,440,440,440,440,440,440,440,440,440
Australia,Land area (sq. km),,,7682300,7682300,7682300,7682300,7682300,7682300,7682300,7682300,7682300,7682300,7682300,7682300,7682300,7682300,7682300,7682300,7682300,7682300,7682300,7682300,7682300,7682300,7682300,7682300,7682300,7682300,7692020,7692020,7692020,7692020,7692020,7692020
Austria,Land area (sq. km),,,82580,82580,82580,82580,82580,82580,82580,82580,82580,82580,82580,82580,82580,82580,82580,82580,82580,82578,82578,82578,82571,82561,82554,82531,82523,82520,82520,82520,82520,82520,82520,82520
Azerbaijan,Land area (sq. km),,,83217,83217,83217,83217,83217,83217,83217,83217,83092,82705,82605,82604,82618,82652,82672,82660,82637,82629,82627,82622,82656,82658,82658,82659,82663,82663,82670,82662,82654,82654,82654,82654
Burundi,Land area (sq. km),,,25680,25680,25680,25680,25680,25680,25680,25680,25680,25680,25680,25680,25680,25680,25680,25680,25680,25680,25680,25680,25680,25680,25680,25680,25680,25680,25680,25680,25680,25680,25680,25680
Belgium,Land area (sq. km),,,32820,32820,32820,32820,32820,32820,32820,32820,32820,32820,30280,30280,30280,30280,30280,30280,30280,30280,30280,30280,30280,30280,30280,30280,30280,30280,30280,30280,30280,30280,30280,30280
Benin,Land area (sq. km),,,112760,112760,112760,112760,112760,112760,112760,112760,112760,112760,112760,112760,112760,112760,112760,112760,112760,112760,112760,112760,112760,112760,112760,112760,112760,112760,112760,112760,112760,112760,112760,112760
Burkina Faso,Land area (sq. km),,,273600,273600,273600,273600,273600,273600,273600,273600,273600,273600,273600,273600,273600,273600,273600,273600,273600,273600,273600,273600,273600,273600,273600,273600,273600,273600,273600,273600,273600,273600,273600,273600
Bangladesh,Land area (sq. km),,,130170,130170,130170,130170,130170,130170,130170,130170,130170,130170,130170,130170,130170,130170,130170,130170,130170,130170,130170,130170,130170,130170,130170,130170,130170,130170,130170,130170,130170,130170,130170,130170
Bulgaria,Land area (sq. km),,,110630,110630,110630,110630,110630,110630,110630,110630,110630,110630,110630,110630,108800,108770,108760,108640,108630,108610,108610,108560,108560,108560,108560,108560,108560,108560,108560,108560,108560,108560,108560,108560
Bahrain,Land area (sq. km),,,690,690,710,710,710,710,710,710,710,710,710,710,710,720,730,740,740,750,760,760,762,767,770,770,771,778,779,780,780,780,780,780
"Bahamas, The",Land area (sq. km),,,10010,10010,10010,10010,10010,10010,10010,10010,10010,10010,10010,10010,10010,10010,10010,10010,10010,10010,10010,10010,10010,10010,10010,10010,10010,10010,10010,10010,10010,10010,10010,10010
Bosnia and Herzegovina,Land area (sq. km),,,51200,51200,51200,51200,51200,51200,51200,51200,51200,51200,51200,51200,51200,51200,51200,51200,51200,51200,51200,51200,51200,51200,51200,51200,51200,51200,51200,51200,51200,51200,51200,51200
Belarus,Land area (sq. km),,,202840,202840,202840,202840,202840,202840,202840,202840,202840,202840,202840,202840,202830,202830,202810,202830,202900,202900,202900,202820,202900,202910,202910,202908,202973,202978,202988,202990,202980,202980,202980,202980
Belize,Land area (sq. km),,,22810,22810,22810,22810,22810,22810,22810,22810,22810,22810,22810,22810,22810,22810,22810,22810,22810,22810,22810,22810,22810,22810,22810,22810,22810,22810,22810,22810,22810,22810,22810,22810
Bermuda,Land area (sq. km),,,54,54,54,54,54,54,54,54,54,54,54,54,54,54,54,54,54,54,54,54,54,54,54,54,54,54,54,54,54,54,54,54
Bolivia,Land area (sq. km),,,1083300,1083300,1083300,1083300,1083300,1083300,1083300,1083300,1083300,1083300,1083300,1083300,1083300,1083300,1083300,1083300,1083300,1083300,1083300,1083300,1083300,1083300,1083300,1083300,1083300,1083300,1083300,1083300,1083300,1083300,1083300,1083300
Brazil,Land area (sq. km),,,8358140,8358140,8358140,8358140,8358140,8358140,8358140,8358140,8358140,8358140,8358140,8358140,8358140,8358140,8358140,8358140,8358140,8358140,8358140,8358140,8358140,8358140,8358140,8358140,8358140,8358140,8358140,8358140,8358140,8358140,8358140,8358140
Barbados,Land area (sq. km),,,430,430,430,430,430,430,430,430,430,430,430,430,430,430,430,430,430,430,430,430,430,430,430,430,430,430,430,430,430,430,430,430
Brunei Darussalam,Land area (sq. km),,,5270,5270,5270,5270,5270,5270,5270,5270,5270,5270,5270,5270,5270,5270,5270,5270,5270,5270,5270,5270,5270,5270,5270,5270,5270,5270,5270,5270,5270,5270,5270,5270
Bhutan,Land area (sq. km),,,46723,46723,46723,46723,39800,39800,39800,39800,39800,39800,39800,39800,39800,39800,38117,38117,38117,38117,38117,38117,38117,38117,38117,38117,38117,38117,38144,38144,38140,38140,38140,38140
Botswana,Land area (sq. km),,,566730,566730,566730,566730,566730,566730,566730,566730,566730,566730,566730,566730,566730,566730,566730,566730,566730,566730,566730,566730,566730,566730,566730,566730,566730,566730,566730,566730,566730,566730,566730,566730
Central African Republic,Land area (sq. km),,,622980,622980,622980,622980,622980,622980,622980,622980,622980,622980,622980,622980,622980,622980,622980,622980,622980,622980,622980,622980,622980,622980,622980,622980,622980,622980,622980,622980,622980,622980,622980,622980
Canada,Land area (sq. km),,,8965590,8965590,8965590,8965590,8965590,8965590,8965590,8965590,8965590,8965590,8965590,8965590,8965590,8965590,8965590,8965590,8965590,8965590,8965590,8965590,8965590,8965590,8965590,8965590,8965590,8965590,8965590,8965590,8965590,8965590,8965590,8965590
Central Europe and the Baltics,Land area (sq. km),,,1104826,1104936,1104936,1104926,1104976,1104956,1105056,1105006,1104996,1105006,1104936,1104936,1103266,1103276,1103436,1103286,1103256,1103146,1103137.2,1104120.8,1104162.2,1104188,1103997.7,1105073,1106380,1106364.6,1106354,1106329.1,1106266.4,1106266.4,1106266.4,1106266.4
Switzerland,Land area (sq. km),,,39529,39529,39529,39529,39529,39529,39528,39527,39526,39525,39524,39523,39522,39521,39520,39518,39517,39516,39516,39516,39516,39516,39516,39516,39516,39516.03,39516.03,39516.03,39516.03,39516.03,39516.03,39516.03
Channel Islands,Land area (sq. km),,,198,198,198,198,198,198,198,198,198,198,198,198,198,198,198,198,198,198,198,198,198,198,198,198,198,198,198,198,198,198,198,198
Chile,Land area (sq. km),,,743532,743532,743532,743532,743532,743532,743532,743532,743532,743532,743532,743532,743532,743532,743532,743532,743532,743532,743532,743532,743532,743532,743532,743532,743532,743532,743532,743532,743532,743532,743532,743532
China,Land area (sq. km),,,9424670,9424670,9424670,9424670,9424670,9424720,9424710,9424710,9424710,9424710,9424700,9424700.2,9424700.2,9424699.7,9424700.5,9424699.8,9424700,9424700,9424700,9424700.5,9424700.7,9424700.9,9424700.9,9424701.3,9424701.3,9424701.4,9424700.5,9424700.8,9424702.9,9424702.9,9424702.9,9424702.9
Cote d'Ivoire,Land area (sq. km),,,318000,318000,318000,318000,318000,318000,318000,318000,318000,318000,318000,318000,318000,318000,318000,318000,318000,318000,318000,318000,318000,318000,318000,318000,318000,318000,318000,318000,318000,318000,318000,318000
Cameroon,Land area (sq. km),,,472710,472710,472710,472710,472710,472710,472710,472710,472710,472710,472710,472710,472710,472710,472710,472710,472710,472710,472710,472710,472710,472710,472710,472710,472710,472710,472710,472710,472710,472710,472710,472710
"Congo, Dem. Rep.",Land area (sq. km),,,2267050,2267050,2267050,2267050,2267050,2267050,2267050,2267050,2267050,2267050,2267050,2267050,2267050,2267050,2267050,2267050,2267050,2267050,2267050,2267050,2267050,2267050,2267050,2267050,2267050,2267050,2267050,2267050,2267050,2267050,2267050,2267050
"Congo, Rep.",Land area (sq. km),,,341500,341500,341500,341500,341500,341500,341500,341500,341500,341500,341500,341500,341500,341500,341500,341500,341500,341500,341500,341500,341500,341500,341500,341500,341500,341500,341500,341500,341500,341500,341500,341500
Colombia,Land area (sq. km),,,1109500,1109500,1109500,1109500,1109500,1109500,1109500,1109500,1109500,1109500,1109500,1109500,1109500,1109500,1109500,1109500,1109500,1109500,1109500,1109500,1109500,1109500,1109500,1109500,1109500,1109500,1109500,1109500,1109500,1109500,1109500,1109500
Comoros,Land area (sq. km),,,1861,1861,1861,1861,1861,1861,1861,1861,1861,1861,1861,1861,1861,1861,1861,1861,1861,1861,1861,1861,1861,1861,1861,1861,1861,1861,1861,1861,1861,1861,1861,1861
Cabo Verde,Land area (sq. km),,,4030,4030,4030,4030,4030,4030,4030,4030,4030,4030,4030,4030,4030,4030,4030,4030,4030,4030,4030,4030,4030,4030,4030,4030,4030,4030,4030,4030,4030,4030,4030,4030
Costa Rica,Land area (sq. km),,,51060,51060,51060,51060,51060,51060,51060,51060,51060,51060,51060,51060,51060,51060,51060,51060,51060,51060,51060,51060,51060,51060,51060,51060,51060,51060,51060,51060,51060,51060,51060,51060
Caribbean small states,Land area (sq. km),,,404850,404850,404850,404850,404850,404850,404850,404850,404850,404850,404850,404850,404850,404850,404850,404850,404850,404850,404850,404850,404850,404850,404850,404850,404850,404850,404850,404850,404850,404850,404850,404850
Cuba,Land area (sq. km),,,107400,107400,107400,107400,107400,107400,107400,107400,107400,107400,107400,107400,106390,106400,106410,106440,106430,106440,106440,106440,106440,106863,106649,104220,104020,104100,104040,103800,103800,103800,103800,103800
Curacao,Land area (sq. km),,,444,444,444,444,444,444,444,444,444,444,444,444,444,444,444,444,444,444,444,444,444,444,444,444,444,444,444,444,444,444,444,444
Cayman Islands,Land area (sq. km),,,240,240,240,240,240,240,240,240,240,240,240,240,240,240,240,240,240,240,240,240,240,240,240,240,240,240,240,240,240,240,240,240
Cyprus,Land area (sq. km),,,9240,9240,9240,9240,9240,9240,9240,9240,9240,9240,9240,9240,9240,9240,9240,9240,9240,9240,9240,9240,9240,9240,9240,9240,9240,9240,9240,9240,9240,9240,9240,9240
Czech Republic,Land area (sq. km),,,77270,77270,77270,77270,77270,77270,77270,77270,77270,77270,77270,77270,77270,77270,77260,77260,77250,77250,77250,77250,77240,77240,77230,77220,77220,77210,77220,77210,77200,77200,77200,77200
Germany,Land area (sq. km),,,349130,349130,349130,349120,349110,349100,349090,349050,349020,348980,348950,348900,348860,348810,348770,348760,348720,348670,348630,348610,348570,348560,348540,348880,348900,348860,349360,349370,349380,349380,349380,349380
Djibouti,Land area (sq. km),,,23180,23180,23180,23180,23180,23180,23180,23180,23180,23180,23180,23180,23180,23180,23180,23180,23180,23180,23180,23180,23180,23180,23180,23180,23180,23180,23180,23180,23180,23180,23180,23180
Dominica,Land area (sq. km),,,750,750,750,750,750,750,750,750,750,750,750,750,750,750,750,750,750,750,750,750,750,750,750,750,750,750,750,750,750,750,750,750
Denmark,Land area (sq. km),,,42390,42390,42430,42430,42430,42430,42430,42430,42430,42430,42430,42430,42430,42430,42430,42430,42430,42430,42430,42430,42430,42430,40000,40000,40000,40000,40000,40000,40000,40000,40000,40000
Dominican Republic,Land area (sq. km),,,48310,48310,48310,48310,48310,48310,48310,48310,48310,48310,48310,48310,48310,48310,48310,48310,48310,48310,48310,48310,48310,48310,48310,48310,48310,48310,48310,48310,48310,48310,48310,48310
Algeria,Land area (sq. km),,,2381740,2381740,2381740,2381740,2381740,2381740,2381740,2381740,2381740,2381740,2381740,2381740,2381740,2381740,2381740,2381740,2381740,2381740,2381740,2381740,2381740,2381740,2381740,2381740,2381740,2381741,2381741,2381741,2381741,2381741,2381741,2381741
East Asia & Pacific (excluding high income),Land area (sq. km),,,15964940,15966280,15966280,15966280,15966280,15966330,15966320,15966320,15966320,15966320,15951880,15951910.2,15951370.2,15950889.7,15950770.5,15950709.8,15950820,15950870,15950660,15950650.5,15950610.7,15950640.9,15950500.9,15950431.3,15950431.3,15954126.8,16020074.9,16019785.2,16019786.9,16019786.9,16019786.9,16019786.9
Early-demographic dividend,Land area (sq. km),,,33245913,33246613,33246633,33145633,33138710,33138710,33138710,33138710,33110230,33110230,33110580,33110580,33110580,33110400,33237851.33,33237854.78,33238021.34,33238064.3,33237849.06,33238377.98,33238312.38,33238302.09,33238166.38,33238099.38,33236719.05,33251969.91,33317975.04,33317661,33317702.39,33317702.39,33317702.39,33317702.39
East Asia & Pacific,Land area (sq. km),,,24436470,24438270,24438270,24438270,24438270,24438380,24438270,24438270,24438270,24438270,24423830,24424146.2,24423662.2,24423203.7,24423107.5,24423076.8,24423222.6,24423314.2,24423179.2,24423240,24423342.4,24423364.8,24423346.8,24423394.6,24423400.6,24427111.2,24502823.4,24502555,24502428.8,24502428.8,24502428.8,24502428.8
Europe & Central Asia (excluding high income),Land area (sq. km),,,22409064,22409064,22409064,22405374,22400514,22397554,22397134,22397814,22400329,22407142,22399852,22398951,22397615,22397649,22397899,22397997,22394364,22394106,22393224,22393079,22393153,22393165,22393175,22393194,22392059,22407259,22407273,22407286,22396444.3,22396444.3,22396444.3,22396444.3
Europe & Central Asia,Land area (sq. km),,,27390035.03,27390145.03,27390185.03,27386475.03,27381655.03,27378665.03,27378334.03,27447673.03,27450147.03,27456929.03,27448989.03,27447557.03,27446860.03,27447383.03,27447432.03,27447358.03,27443074.03,27442783.03,27441352.23,27442170.83,27443589.23,27443457.03,27438149.73,27439425.19,27439564.63,27454239.96,27454601.39,27454570.07,27447886.69,27447886.69,27447886.69,27447886.69
Ecuador,Land area (sq. km),,,276840,276840,276840,276840,276840,276840,276840,276840,248360,248360,248360,248360,248360,248360,248360,248360,248360,248360,248360,248360,248360,248360,248360,248360,248360,248360,248360,248360,248360,248360,248360,248360
"Egypt, Arab Rep.",Land area (sq. km),,,995450,995450,995450,995450,995450,995450,995450,995450,995450,995450,995450,995450,995450,995450,995450,995450,995450,995450,995450,995450,995450,995450,995450,995450,995450,995450,995450,995450,995450,995450,995450,995450
Euro area,Land area (sq. km),,,2678352,2678352,2678352,2678342,2678332,2678322,2678312,2678272,2678242,2678202,2677623,2677093,2677573,2678033,2677653,2677513,2676883,2676941,2676402.2,2676305.8,2677670.2,2677456,2677738.7,2679126.2,2679055.6,2678458.2,2678840.6,2678829.05,2682452.479,2682452.479,2682452.479,2682452.479
Eritrea,Land area (sq. km),,,101000,101000,101000,101000,101000,101000,101000,101000,101000,101000,101000,101000,101000,101000,101000,101000,101000,101000,101000,101000,101000,101000,101000,101000,101000,101000,101000,101000,101000,101000,101000,101000
Spain,Land area (sq. km),,,499440,499440,499440,499440,499440,499440,499440,499440,499440,499440,499000,498520,499040,499210,499180,499090,498980,499110,498800,498660,500010,499880,500210,500210,500210,499661,499564,499547.35,499603.479,499603.479,499603.479,499603.479
Estonia,Land area (sq. km),,,42390,42390,42390,42390,42390,42390,42390,42390,42390,42390,42390,42390,42390,42390,42390,42390,42390,42390,42390,42390,42390,42390,42390,43470,43470,43470,43470,43470,43470,43470,43470,43470
Ethiopia,Land area (sq. km),,,1101000,1101000,1101000,1000000,1000000,1000000,1000000,1000000,1000000,1000000,1000000,1000000,1000000,1000000,1129264.328,1129317.777,1129314.344,1129287.296,1129272.056,1129270.983,1129253.379,1129208.088,1129209.376,1129212.38,1129225.045,1129272.914,1129304.039,1129279.999,1129300.39,1129300.39,1129300.39,1129300.39
European Union,Land area (sq. km),,,4000402,4000512,4000552,4000532,4000572,4000542,4000632,4000542,4000502,4000472,3999823,3999293,3998103,3998563,3998353,3998063,3997403,3997351,3996802.2,3997715.8,3999060.2,3998916,3993598.7,3994976.2,3996265.6,3995658.2,3996050.6,3996029.05,3999622.479,3999622.479,3999622.479,3999622.479
Fragile and conflict affected situations,Land area (sq. km),,,19934338.27,19935218.27,19935218.27,19834218.27,19834218.27,19834218.27,19834218.27,19834218.27,19834093.27,19833706.27,19833606.27,19833605.27,19833619.27,19833463.27,19962607.6,19962589.05,19962732.62,19962757.57,19962530.33,19959464.25,19959430.65,19959417.36,19959278.97,19959018.33,19958990.68,19959040.34,19958955.34,19958631.03,19947735.23,19947735.23,19947735.23,19947735.23
Finland,Land area (sq. km),,,304590,304590,304590,304590,304590,304590,304590,304590,304590,304590,304590,304590,304590,304590,304590,304590,304110,304090,303900,303900,303900,303890,303890,303890,303890,303910,303910,303920,303920,303920,303920,303920
Fiji,Land area (sq. km),,,18270,18270,18270,18270,18270,18270,18270,18270,18270,18270,18270,18270,18270,18270,18270,18270,18270,18270,18270,18270,18270,18270,18270,18270,18270,18270,18270,18270,18270,18270,18270,18270
France,Land area (sq. km),,,547566,547566,547566,547566,547566,547566,547566,547566,547566,547566,547567,547567,547567,547867,547567,547557,547557,547557,547557,547557,547557,547557,547557,547557,547557,547557,547557,547557,547557,547557,547557,547557
Faroe Islands,Land area (sq. km),,,1396,1396,1396,1396,1396,1396,1396,1396,1396,1396,1396,1396,1396,1396,1396,1396,1396,1396,1396,1396,1396,1396,1396,1396,1396,1396,1396,1396,1396,1396,1396,1396
"Micronesia, Fed. Sts.",Land area (sq. km),,,,700,700,700,700,700,700,700,700,700,700,700,700,700,700,700,700,700,700,700,700,700,700,700,700,700,700,700,700,700,700,700
Gabon,Land area (sq. km),,,257670,257670,257670,257670,257670,257670,257670,257670,257670,257670,257670,257670,257670,257670,257670,257670,257670,257670,257670,257670,257670,257670,257670,257670,257670,257670,257670,257670,257670,257670,257670,257670
United Kingdom,Land area (sq. km),,,241930,241930,241930,241930,241930,241930,241930,241930,241930,241930,241930,241930,241930,241930,241930,241930,241930,241930,241930,241930,241930,241930,241930,241930,241930,241930,241930,241930,241930,241930,241930,241930
Georgia,Land area (sq. km),,,69490,69490,69490,69490,69490,69490,69490,69490,69490,69490,69490,69490,69490,69490,69490,69490,69490,69490,69490,69490,69490,69490,69490,69490,69490,69490,69490,69490,69490,69490,69490,69490
Ghana,Land area (sq. km),,,227540,227540,227540,227540,227540,227540,227540,227540,227540,227540,227540,227540,227540,227540,227540,227540,227540,227540,227540,227540,227540,227540,227540,227540,227540,227540,227540,227540,227540,227540,227540,227540
Gibraltar,Land area (sq. km),,,10,10,10,10,10,10,10,10,10,10,10,10,10,10,10,10,10,10,10,10,10,10,10,10,10,10,10,10,10,10,10,10
Guinea,Land area (sq. km),,,245720,245720,245720,245720,245720,245720,245720,245720,245720,245720,245720,245720,245720,245720,245720,245720,245720,245720,245720,245720,245720,245720,245720,245720,245720,245720,245720,245720,245720,245720,245720,245720
"Gambia, The",Land area (sq. km),,,10120,10120,10120,10120,10120,10120,10120,10120,10120,10120,10120,10120,10120,10120,10120,10120,10120,10120,10120,10120,10120,10120,10120,10120,10120,10120,10120,10120,10120,10120,10120,10120
Guinea-Bissau,Land area (sq. km),,,28120,28120,28120,28120,28120,28120,28120,28120,28120,28120,28120,28120,28120,28120,28120,28120,28120,28120,28120,28120,28120,28120,28120,28120,28120,28120,28120,28120,28120,28120,28120,28120
Equatorial Guinea,Land area (sq. km),,,28050,28050,28050,28050,28050,28050,28050,28050,28050,28050,28050,28050,28050,28050,28050,28050,28050,28050,28050,28050,28050,28050,28050,28050,28050,28050,28050,28050,28050,28050,28050,28050
Greece,Land area (sq. km),,,128900,128900,128900,128900,128900,128900,128900,128900,128900,128900,128900,128900,128900,128900,128900,128900,128900,128900,128900,128900,128900,128900,128900,128900,128900,128900,128900,128900,128900,128900,128900,128900
Grenada,Land area (sq. km),,,340,340,340,340,340,340,340,340,340,340,340,340,340,340,340,340,340,340,340,340,340,340,340,340,340,340,340,340,340,340,340,340
Greenland,Land area (sq. km),,,341700,341700,341700,341700,341700,341700,341700,410450,410450,410450,410450,410450,410450,410450,410450,410450,410450,410450,410450,410450,410450,410450,410450,410450,410450,410450,410450,410450,410450,410450,410450,410450
Guatemala,Land area (sq. km),,,107160,107160,107160,107160,107160,107160,107160,107160,107160,107160,107160,107160,107160,107160,107160,107160,107160,107160,107160,107160,107160,107160,107160,107160,107160,107160,107160,107160,107160,107160,107160,107160
Guam,Land area (sq. km),,,540,540,540,540,540,540,540,540,540,540,540,540,540,540,540,540,540,540,540,540,540,540,540,540,540,540,540,540,540,540,540,540
Guyana,Land area (sq. km),,,196850,196850,196850,196850,196850,196850,196850,196850,196850,196850,196850,196850,196850,196850,196850,196850,196850,196850,196850,196850,196850,196850,196850,196850,196850,196850,196850,196850,196850,196850,196850,196850
High income,Land area (sq. km),,,35180289.43,35180859.43,35180919.43,35180899.43,35180939.43,35180969.43,35180958.43,35249617.43,35249576.43,35249545.43,35251855.43,35251610.43,35252305.43,35252826.43,35252658.43,35252526.43,35251911.03,35251929.63,35236965.83,35237999.73,35239488.33,35239336.93,35234144.63,35235518.49,35236459.93,35235957.36,35246069.89,35246047.87,35250135.29,35250135.29,35250135.29,35250135.29
"Hong Kong SAR, China",Land area (sq. km),,,990,990,990,990,990,1050,1050,1050,1050,1050,1050,1050,1050,1050,1050,1050,1050,1050,1050,1050,1050,1050,1050,1050,1050,1050,1050,1050,1050,1050,1050,1050
Honduras,Land area (sq. km),,,111890,111890,111890,111890,111890,111890,111890,111890,111890,111890,111890,111890,111890,111890,111890,111890,111890,111890,111890,111890,111890,111890,111890,111890,111890,111890,111890,111890,111890,111890,111890,111890
Heavily indebted poor countries (HIPC),Land area (sq. km),,,19960174.27,19960174.27,19960174.27,19859174.27,19859174.27,19859174.27,19859174.27,19859174.27,19859174.27,19859174.27,19859174.27,19859174.27,19859174.27,19859174.27,19988438.6,19988492.05,19988488.62,19988461.57,19988446.33,19988445.25,19989137.65,19357368.95,19357375.27,19357381.58,19357365.46,19357415.12,19357335.24,19357309.95,19357325.11,19357325.11,19357325.11,19357325.11
Croatia,Land area (sq. km),,,55910,55910,55910,55910,55910,55910,55980,55980,55910,55910,55910,55910,55910,55910,55960,55960,55960,55960,55960,55960,55960,55960,55960,55960,56590,56590,56590,56590,56590,56590,56590,56590
Haiti,Land area (sq. km),,,27560,27560,27560,27560,27560,27560,27560,27560,27560,27560,27560,27560,27560,27560,27560,27560,27560,27560,27560,27560,27560,27560,27560,27560,27560,27560,27560,27560,27560,27560,27560,27560
Hungary,Land area (sq. km),,,89870,89870,89870,89860,89860,89860,89860,89800,89800,89800,89620,89620,89620,89620,89620,89610,89610,89610,89610,90530,90530,90530,90530,90530,91260,91260,91260,91260,91260,91260,91260,91260
IBRD only,Land area (sq. km),,,71062979,71063549,71063549,71059859,71055049,71052119,71051789,71052479,71026504,71033327,71011707,71010836.2,71009120.2,71008703.7,71009144.5,71009221.8,71005579,71005231,71004339,71001824.5,71001888.7,71001970.9,71001820.9,71001648.3,71002127.3,71005011.8,71070976.9,71070991.2,71071078.2,71071078.2,71071078.2,71071078.2
IDA & IBRD total,Land area (sq. km),,,96028573.27,96030023.27,96030023.27,95925333.27,95913600.27,95910670.27,95910340.27,95911030.27,95885055.27,95891878.27,95870608.27,95869737.47,95868021.47,95867414.97,95995297.1,95995367.85,95991891.62,95991576.57,95990459.33,95987933.75,95988640.35,95988962.26,95988673.87,95988436.63,95987709.98,96005839.14,96071736.24,96071433.23,96060596.43,96060596.43,96060596.43,96060596.43
IDA total,Land area (sq. km),,,24965594.27,24966474.27,24966474.27,24865474.27,24858551.27,24858551.27,24858551.27,24858551.27,24858551.27,24858551.27,24858901.27,24858901.27,24858901.27,24858711.27,24986152.6,24986146.05,24986312.62,24986345.57,24986120.33,24986109.25,24986751.65,24986991.36,24986852.97,24986788.33,24985582.68,25000827.34,25000759.34,25000442.03,24989518.23,24989518.23,24989518.23,24989518.23
IDA blend,Land area (sq. km),,,4369370,4369370,4369370,4369370,4369370,4369370,4369370,4369370,4369370,4369370,4369370,4369370,4369370,4369370,4369370,4369370,4369370,4369370,4369370,4369370,4369370,4369370,4369370,4369370,4369370,4384561,4384558,4384557,4384525,4384525,4384525,4384525
Indonesia,Land area (sq. km),,,1811570,1811570,1811570,1811570,1811570,1811570,1811570,1811570,1811570,1811570,1811570,1811570,1811570,1811570,1811570,1811570,1811570,1811570,1811570,1811570,1811570,1811570,1811570,1811570,1811570,1811570,1877519,1877519,1877519,1877519,1877519,1877519
IDA only,Land area (sq. km),,,20596224.27,20597104.27,20597104.27,20496104.27,20489181.27,20489181.27,20489181.27,20489181.27,20489181.27,20489181.27,20489531.27,20489531.27,20489531.27,20489341.27,20616782.6,20616776.05,20616942.62,20616975.57,20616750.33,20616739.25,20617381.65,20617621.36,20617482.97,20617418.33,20616212.68,20616266.34,20616201.34,20615885.03,20604993.23,20604993.23,20604993.23,20604993.23
Isle of Man,Land area (sq. km),,,570,570,570,570,570,570,570,570,570,570,570,570,570,570,570,570,570,570,570,570,570,570,570,570,570,570,570,570,570,570,570,570
India,Land area (sq. km),,,2973190,2973190,2973190,2973190,2973190,2973190,2973190,2973190,2973190,2973190,2973190,2973190,2973190,2973190,2973190,2973190,2973190,2973190,2973190,2973190,2973190,2973190,2973190,2973190,2973190,2973190,2973190,2973190,2973190,2973190,2973190,2973190
Not classified,Land area (sq. km),,,,,,,,,,,,,,,,,,,,,,,,,,,,,,,,,,
Ireland,Land area (sq. km),,,68890,68890,68890,68890,68890,68890,68890,68890,68890,68890,68890,68890,68890,68890,68890,68890,68890,68890,68890,68890,68890,68890,68890,68890,68890,68890,68890,68890,68890,68890,68890,68890
"Iran, Islamic Rep.",Land area (sq. km),,,1628760,1628760,1628760,1628760,1628760,1628760,1628760,1628760,1628760,1628760,1628760,1628760,1628760,1628760,1628760,1628760,1628760,1628760,1628760,1628760,1628760,1628760,1628760,1628760,1628760,1628760,1628760,1628760,1628760,1628760,1628760,1628760
Iraq,Land area (sq. km),,,437370,437370,437370,437370,437370,437370,437370,437370,437370,437370,437370,437370,437370,437370,437370,437370,437370,437370,437370,434320,434320,434320,434320,434128,434128,434128,434128,434128,434128,434128,434128,434128
Iceland,Land area (sq. km),,,100250,100250,100250,100250,100250,100250,100250,100250,100250,100250,100250,100250,100250,100250,100250,100250,100250,100250,100250,100250,100250,100250,100250,100250,100250,100250,100250,100250,100830,100830,100830,100830
Israel,Land area (sq. km),,,21640,21640,21640,21640,21640,21640,21640,21640,21640,21640,21640,21640,21640,21640,21640,21640,21640,21640,21640,21640,21640,21640,21640,21640,21640,21640,21640,21640,21640,21640,21640,21640
Italy,Land area (sq. km),,,294110,294110,294110,294110,294110,294110,294110,294110,294110,294110,294110,294110,294110,294140,294140,294140,294140,294140,294140,294140,294140,294140,294140,294140,294140,294140,294140,294140,297730,297730,297730,297730
Jamaica,Land area (sq. km),,,10830,10830,10830,10830,10830,10830,10830,10830,10830,10830,10830,10830,10830,10830,10830,10830,10830,10830,10830,10830,10830,10830,10830,10830,10830,10830,10830,10830,10830,10830,10830,10830
Jordan,Land area (sq. km),,,88240,88240,88240,88240,88240,88240,88240,88240,88240,88240,88240,88240,88240,88240,88240,88240,88240,88240,88240,88780,88780,88780,88780,88780,88780,88780,88780,88780,88780,88780,88780,88780
Japan,Land area (sq. km),,,364600,364600,364600,364600,364600,364600,364500,364500,364500,364500,364500,364500,364500,364500,364500,364500,364500,364500,364500,364500,364500,364500,364500,364500,364500,364500,364500,364500,364500,364500,364500,364500
Kazakhstan,Land area (sq. km),,,2699700,2699700,2699700,2699700,2699700,2699700,2699700,2699700,2699700,2699700,2699700,2699700,2699700,2699700,2699700,2699700,2699700,2699700,2699700,2699700,2699700,2699700,2699700,2699700,2699700,2699700,2699700,2699700,2699700,2699700,2699700,2699700
Kenya,Land area (sq. km),,,569140,569140,569140,569140,569140,569140,569140,569140,569140,569140,569140,569140,569140,569140,569140,569140,569140,569140,569140,569140,569140,569140,569140,569140,569140,569140,569140,569140,569140,569140,569140,569140
Kyrgyz Republic,Land area (sq. km),,,191800,191800,191800,191800,191800,191800,191800,191800,191800,191800,191800,191800,191800,191800,191800,191800,191800,191800,191800,191800,191800,191800,191800,191800,191800,191800,191800,191800,191800,191800,191800,191800
Cambodia,Land area (sq. km),,,176520,176520,176520,176520,176520,176520,176520,176520,176520,176520,176520,176520,176520,176520,176520,176520,176520,176520,176520,176520,176520,176520,176520,176520,176520,176520,176520,176520,176520,176520,176520,176520
Kiribati,Land area (sq. km),,,810,810,810,810,810,810,810,810,810,810,810,810,810,810,810,810,810,810,810,810,810,810,810,810,810,810,810,810,810,810,810,810
St. Kitts and Nevis,Land area (sq. km),,,260,260,260,260,260,260,260,260,260,260,260,260,260,260,260,260,260,260,260,260,260,260,260,260,260,260,260,260,260,260,260,260
"Korea, Rep.",Land area (sq. km),,,96460,96460,96460,96460,96460,96460,96460,96460,96460,96460,96460,96740,96790,96800,96820,96850,96880,96920,96990,97060,97200,97190,97310,97426,97430,97445,97489,97510,97520,97520,97520,97520
Kuwait,Land area (sq. km),,,17820,17820,17820,17820,17820,17820,17820,17820,17820,17820,17820,17820,17820,17820,17820,17820,17820,17820,17820,17820,17820,17820,17820,17820,17820,17820,17820,17820,17820,17820,17820,17820
Latin America & Caribbean (excluding high income),Land area (sq. km),,,18168740,18168740,18168740,18168740,18168740,18168740,18168740,18168740,18140260,18140260,18140260,18140260,18139250,18139260,18139270,18139300,18139290,18139300,18139300,18139300,18139300,18139723,18139509,18137080,18136880,18136960,18136900,18136660,18136660,18136660,18136660,18136660
Lao PDR,Land area (sq. km),,,230800,230800,230800,230800,230800,230800,230800,230800,230800,230800,230800,230800,230800,230800,230800,230800,230800,230800,230800,230800,230800,230800,230800,230800,230800,230800,230800,230800,230800,230800,230800,230800
Lebanon,Land area (sq. km),,,10230,10230,10230,10230,10230,10230,10230,10230,10230,10230,10230,10230,10230,10230,10230,10230,10230,10230,10230,10230,10230,10230,10230,10230,10230,10230,10230,10230,10230,10230,10230,10230
Liberia,Land area (sq. km),,,96320,96320,96320,96320,96320,96320,96320,96320,96320,96320,96320,96320,96320,96320,96320,96320,96320,96320,96320,96320,96320,96320,96320,96320,96320,96320,96320,96320,96320,96320,96320,96320
Libya,Land area (sq. km),,,1759540,1759540,1759540,1759540,1759540,1759540,1759540,1759540,1759540,1759540,1759540,1759540,1759540,1759540,1759540,1759540,1759540,1759540,1759540,1759540,1759540,1759540,1759540,1759540,1759540,1759540,1759540,1759540,1759540,1759540,1759540,1759540
St. Lucia,Land area (sq. km),,,610,610,610,610,610,610,610,610,610,610,610,610,610,610,610,610,610,610,610,610,610,610,610,610,610,610,610,610,610,610,610,610
Latin America & Caribbean,Land area (sq. km),,,20071224.4,20071224.4,20071224.4,20071224.4,20071224.4,20071224.4,20071224.4,20071224.4,20042744.4,20042744.4,20042744.4,20042744.4,20041734.4,20041744.4,20041754.4,20041784.4,20041774.4,20041784.4,20041784.4,20041784.4,20041784.4,20042203,20041989,20039560,20039140,20039220,20039160,20038920,20038977,20038977,20038977,20038977
Least developed countries: UN classification,Land area (sq. km),,,20340707.27,20340707.27,20340707.27,20239707.27,20232784.27,20232784.27,20232784.27,20232784.27,20232784.27,20232784.27,20233134.27,20233134.27,20233134.27,20233134.27,20360595.6,20360589.05,20360695.62,20360718.57,20360493.33,20360482.25,20361134.65,20361374.36,20361235.97,20361171.33,20361139.68,20361189.34,20361124.34,20360808.03,20360803.23,20360803.23,20360803.23,20360803.23
Low income,Land area (sq. km),,,15668033.27,15668033.27,15668033.27,15567033.27,15567033.27,15567033.27,15567033.27,15567033.27,15567033.27,15567033.27,15567033.27,15567033.27,15567033.27,15566843.27,15696087.6,15696141.05,15696197.62,15696180.57,15696165.33,15696164.25,15696846.65,15697056.36,15697057.97,15697063.33,15697031.68,15697081.34,15696989.34,15696963.03,15696962.23,15696962.23,15696962.23,15696962.23
Liechtenstein,Land area (sq. km),,,160,160,160,160,160,160,160,160,160,160,160,160,160,160,160,160,160,160,160,160,160,160,160,160,160,160,160,160,160,160,160,160
Sri Lanka,Land area (sq. km),,,62710,62710,62710,62710,62710,62710,62710,62710,62710,62710,62710,62710,62710,62710,62710,62710,62710,62710,62710,62710,62710,62710,62710,62710,62710,61893,61893,61893,61864,61864,61864,61864
Lower middle income,Land area (sq. km),,,24784644,24785344,24785344,24785344,24778421,24778421,24778421,24778421,24778421,24778421,24764341,24764371,24763821,24763341,24761538,24761518,24761608,24761628,24761408,24761398,24761358,24761388,24761248,24761178,24759974,24778048.4,24844021.4,24843740.4,24843775,24843775,24843775,24843775
Low & middle income,Land area (sq. km),,,93789801.27,93791141.27,93791141.27,93686451.27,93674668.27,93671758.27,93671328.27,93672008.27,93646043.27,93652856.27,93631476.27,93630605.47,93627719.47,93627092.97,93754795.1,93754915.85,93751439.62,93751224.57,93750117.33,93747451.75,93748168.35,93748843.26,93748500.87,93745834.63,93744467.98,93762677.14,93828514.24,93827971.23,93817097.43,93817097.43,93817097.43,93817097.43
Lesotho,Land area (sq. km),,,30360,30360,30360,30360,30360,30360,30360,30360,30360,30360,30360,30360,30360,30360,30360,30360,30360,30360,30360,30360,30360,30360,30360,30360,30360,30360,30360,30360,30360,30360,30360,30360
Late-demographic dividend,Land area (sq. km),,,44583045,44583155,44583155,44579465,44574655,44571725,44571325,44572015,44574590,44581413,44559793,44558922.2,44559056.2,44558679.7,44559090.5,44559227.8,44555545,44555247,44554365,44554464.5,44554509.7,44554538.9,44554368.9,44555480.3,44555336.3,44558206.8,44558200.9,44558193.2,44558553.2,44558553.2,44558553.2,44558553.2
Lithuania,Land area (sq. km),,,62680,62680,62680,62680,62680,62680,62680,62680,62680,62680,62680,62680,62680,62680,62680,62680,62680,62680,62675,62675,62675,62674,62674,62675,62650,62650,62642,62641,62630,62630,62630,62630
Luxembourg,Land area (sq. km),,,,,,,,,,,,,2430,2430,2430,2430,2430,2430,2430,2430,2430,2430,2430,2430,2430,2430,2430,2430,2430,2430,2430,2430,2430,2430
Latvia,Land area (sq. km),,,62196,62196,62196,62196,62196,62196,62196,62196,62196,62196,62196,62196,62196,62196,62196,62196,62196,62196,62196,62180,62240,62200,62180,62190,62140,62130,62120,62110,62090,62090,62090,62090
"Macao SAR, China",Land area (sq. km),,,20,20,20,20,20,20,20,20,20,20,20,26,27,27,28,28,28.6,29.2,29.2,29.5,29.7,29.9,29.9,30.3,30.3,30.4,30.5,30.8,32.9,32.9,32.9,32.9
St. Martin (French part),Land area (sq. km),,,54.4,54.4,54.4,54.4,54.4,54.4,54.4,54.4,54.4,54.4,54.4,54.4,54.4,54.4,54.4,54.4,54.4,54.4,54.4,54.4,54.4,50,50,50,50,50,50,50,50,50,50,50
Morocco,Land area (sq. km),,,446300,446300,446300,446300,446300,446300,446300,446300,446300,446300,446300,446300,446300,446300,446300,446300,446300,446300,446300,446300,446300,446300,446300,446300,446300,446300,446300,446300,446300,446300,446300,446300
Monaco,Land area (sq. km),,,2.027,2.027,2.027,2.027,2.027,2.027,2.027,2.027,2.027,2.027,2.027,2.027,2.027,2.027,2.027,2.027,2.027,2.027,2.027,2.027,2.027,2.027,2.027,2.027,2.027,2.027,2.027,2.027,2.027,2.027,2.027,2.027
Moldova,Land area (sq. km),,,32870,32870,32870,32950,32940,32930,32930,32920,32910,32900,32880,32880,32880,32870,32880,32890,32890,32890,32890,32890,32850,32850,32860,32880,32880,32880,32880,32890,32885.3,32885.3,32885.3,32885.3
Madagascar,Land area (sq. km),,,581540,581540,581540,581540,581540,581540,581540,581540,581540,581540,581540,581540,581540,581540,581540,581540,581540,581540,581540,581540,581540,581795,581795,581800,581800,581800,581800,581800,581800,581800,581800,581800
Maldives,Land area (sq. km),,,300,300,300,300,300,300,300,300,300,300,300,300,300,300,300,300,300,300,300,300,300,300,300,300,300,300,300,300,300,300,300,300
Middle East & North Africa,Land area (sq. km),,,11226230,11226230,11226250,11226250,11226250,11226250,11226250,11226250,11226250,11226250,11226250,11226250,11226250,11226070,11226060,11226070,11226130,11226150,11226160,11223650,11223642,11223647,11223650,11223458,11223339,11223347,11223348,11223349,11223349,11223349,11223349,11223349
Mexico,Land area (sq. km),,,1943950,1943950,1943950,1943950,1943950,1943950,1943950,1943950,1943950,1943950,1943950,1943950,1943950,1943950,1943950,1943950,1943950,1943950,1943950,1943950,1943950,1943950,1943950,1943950,1943950,1943950,1943950,1943950,1943950,1943950,1943950,1943950
Marshall Islands,Land area (sq. km),,,,180,180,180,180,180,180,180,180,180,180,180,180,180,180,180,180,180,180,180,180,180,180,180,180,180,180,180,180,180,180,180
Middle income,Land area (sq. km),,,78121768,78123108,78123108,78119418,78107635,78104725,78104295,78104975,78079010,78085823,78064443,78063572.2,78060686.2,78060249.7,78058707.5,78058774.8,78055242,78055044,78053952,78051287.5,78051321.7,78051786.9,78051442.9,78048771.3,78047436.3,78065595.8,78131524.9,78131008.2,78120135.2,78120135.2,78120135.2,78120135.2
North Macedonia,Land area (sq. km),,,25430,25430,25430,25430,25430,25430,25430,25430,25430,25430,25430,25430,25430,25430,25430,25430,25430,25230,25230,25220,25220,25220,25220,25220,25220,25220,25220,25220,25220,25220,25220,25220
Mali,Land area (sq. km),,,1220190,1220190,1220190,1220190,1220190,1220190,1220190,1220190,1220190,1220190,1220190,1220190,1220190,1220190,1220190,1220190,1220190,1220190,1220190,1220190,1220190,1220190,1220190,1220190,1220190,1220190,1220190,1220190,1220190,1220190,1220190,1220190
Malta,Land area (sq. km),,,320,320,320,320,320,320,320,320,320,320,320,320,320,320,320,320,320,320,320,320,320,320,320,320,320,320,320,320,320,320,320,320
Myanmar,Land area (sq. km),,,653540,653540,653540,653540,653540,653540,653540,653540,653540,653540,653540,653540,653540,653540,653420,653360,653470,653520,653310,653300,653260,653290,653150,653080,653080,653080,653080,652790,652790,652790,652790,652790
Middle East & North Africa (excluding high income),Land area (sq. km),,,8643940,8643940,8643940,8643940,8643940,8643940,8643940,8643940,8643940,8643940,8643940,8643940,8643940,8643750,8643730,8643730,8643790,8643800,8643800,8641290,8641280,8641280,8641280,8641088,8641088,8641089,8641089,8641089,8641089,8641089,8641089,8641089
Montenegro,Land area (sq. km),,,13450,13450,13450,13450,13450,13450,13450,13450,13450,13450,13450,13450,13450,13450,13450,13450,13450,13450,13450,13450,13450,13450,13450,13450,13450,13450,13450,13450,13450,13450,13450,13450
Mongolia,Land area (sq. km),,,1553560,1553560,1553560,1553560,1553560,1553560,1553560,1553560,1553560,1553560,1553560,1553560,1553560,1553560,1553560,1553560,1553560,1553560,1553560,1553560,1553560,1553560,1553560,1553560,1553560,1557255.4,1557255.4,1557255.4,1557255,1557255,1557255,1557255
Northern Mariana Islands,Land area (sq. km),,,,460,460,460,460,460,460,460,460,460,460,460,460,460,460,460,460,460,460,460,460,460,460,460,460,460,460,460,460,460,460,460
Mozambique,Land area (sq. km),,,786380,786380,786380,786380,786380,786380,786380,786380,786380,786380,786380,786380,786380,786380,786380,786380,786380,786380,786380,786380,786380,786380,786380,786380,786380,786380,786380,786380,786380,786380,786380,786380
Mauritania,Land area (sq. km),,,1030700,1030700,1030700,1030700,1030700,1030700,1030700,1030700,1030700,1030700,1030700,1030700,1030700,1030700,1030700,1030700,1030700,1030700,1030700,1030700,1030700,1030700,1030700,1030700,1030700,1030700,1030700,1030700,1030700,1030700,1030700,1030700
Mauritius,Land area (sq. km),,,2030,2030,2030,2030,2030,2030,2030,2030,2030,2030,2030,2030,2030,2030,2030,2030,2030,2030,2030,2030,2030,2030,2030,2030,2030,2030,2030,2030,2030,2030,2030,2030
Malawi,Land area (sq. km),,,94280,94280,94280,94280,94280,94280,94280,94280,94280,94280,94280,94280,94280,94280,94280,94280,94280,94280,94280,94280,94280,94280,94280,94280,94280,94280,94280,94280,94280,94280,94280,94280
Malaysia,Land area (sq. km),,,328550,328550,328550,328550,328550,328550,328550,328550,328550,328550,328550,328550,328550,328550,328550,328550,328550,328550,328550,328550,328550,328550,328550,328550,328550,328550,328550,328550,328550,328550,328550,328550
North America,Land area (sq. km),,,18124604,18124604,18124604,18124604,18124604,18124604,18124604,18124604,18124604,18124604,18127564,18127564,18127564,18127564,18127564,18127564,18127564,18127564,18113064,18113064,18113064,18113064,18113064,18113064,18113064,18113064,18113064,18113064,18113064,18113064,18113064,18113064
Namibia,Land area (sq. km),,,823290,823290,823290,823290,823290,823290,823290,823290,823290,823290,823290,823290,823290,823290,823290,823290,823290,823290,823290,823290,823290,823290,823290,823290,823290,823290,823290,823290,823290,823290,823290,823290
New Caledonia,Land area (sq. km),,,18280,18280,18280,18280,18280,18280,18280,18280,18280,18280,18280,18280,18280,18280,18280,18280,18280,18280,18280,18280,18280,18280,18280,18280,18280,18280,18280,18280,18280,18280,18280,18280
Niger,Land area (sq. km),,,1266700,1266700,1266700,1266700,1266700,1266700,1266700,1266700,1266700,1266700,1266700,1266700,1266700,1266700,1266700,1266700,1266700,1266700,1266700,1266700,1266700,1266700,1266700,1266700,1266700,1266700,1266700,1266700,1266700,1266700,1266700,1266700
Nigeria,Land area (sq. km),,,910770,910770,910770,910770,910770,910770,910770,910770,910770,910770,910770,910770,910770,910770,910770,910770,910770,910770,910770,910770,910770,910770,910770,910770,910770,910770,910770,910770,910770,910770,910770,910770
Nicaragua,Land area (sq. km),,,120340,120340,120340,120340,120340,120340,120340,120340,120340,120340,120340,120340,120340,120340,120340,120340,120340,120340,120340,120340,120340,120340,120340,120340,120340,120340,120340,120340,120340,120340,120340,120340
Netherlands,Land area (sq. km),,,33760,33760,33760,33760,33760,33760,33760,33760,33760,33760,33760,33760,33760,33760,33760,33760,33760,33760,33760,33730,33730,33720,33720,33690,33690,33670,33670,33670,33670,33670,33670,33670
Norway,Land area (sq. km),,,365244,365244,365244,365244,365244,365244,365244,365244,365244,365244,365244,365244,365244,365244,365244,365244,365244,365244,365244,365244,365244,365244,365244,365122.96,365108,365190.7,365145.73,365122.96,365107.85,365107.85,365107.85,365107.85
Nepal,Land area (sq. km),,,143000,143000,143000,143000,143000,143000,143000,143000,143000,143000,143350,143350,143350,143350,143350,143350,143350,143350,143350,143350,143350,143350,143350,143350,143350,143350,143350,143350,143350,143350,143350,143350
Nauru,Land area (sq. km),,,20,20,20,20,20,20,20,20,20,20,20,20,20,20,20,20,20,20,20,20,20,20,20,20,20,20,20,20,20,20,20,20
New Zealand,Land area (sq. km),,,263310,263310,263310,263310,263310,263310,263310,263310,263310,263310,263310,263310,263310,263310,263310,263310,263310,263310,263310,263310,263310,263310,263310,263310,263310,263310,263310,263310,263310,263310,263310,263310
OECD members,Land area (sq. km),,,35512437,35512437,35512477,35512457,35512447,35512437,35512326,35512225,35512194,35512153,35514353,35514102,35514631,35515050,35514769,35514647,35514026,35514123,35499134.2,35500007.8,35501502.2,35501228,35496180.7,35497543.16,35498141.6,35497631.93,35507743.36,35507720.04,35511888.36,35511888.36,35511888.36,35511888.36
Oman,Land area (sq. km),,,309500,309500,309500,309500,309500,309500,309500,309500,309500,309500,309500,309500,309500,309500,309500,309500,309500,309500,309500,309500,309500,309500,309500,309500,309500,309500,309500,309500,309500,309500,309500,309500
Other small states,Land area (sq. km),,,2039234,2039234,2039254,2039254,2032331,2032331,2032331,2032331,2032331,2032331,2032331,2032331,2032331,2032341,2030668,2030678,2030678,2030688,2030698,2030698,2030700,2030705,2030708,2031788,2031669,2031676,2031704,2031705,2032281,2032281,2032281,2032281
Pakistan,Land area (sq. km),,,770880,770880,770880,770880,770880,770880,770880,770880,770880,770880,770880,770880,770880,770880,770880,770880,770880,770880,770880,770880,770880,770880,770880,770880,770880,770880,770880,770880,770880,770880,770880,770880
Panama,Land area (sq. km),,,74340,74340,74340,74340,74340,74340,74340,74340,74340,74340,74340,74340,74340,74340,74340,74340,74340,74340,74340,74340,74340,74340,74340,74340,74120,74120,74120,74120,74177,74177,74177,74177
Peru,Land area (sq. km),,,1280000,1280000,1280000,1280000,1280000,1280000,1280000,1280000,1280000,1280000,1280000,1280000,1280000,1280000,1280000,1280000,1280000,1280000,1280000,1280000,1280000,1280000,1280000,1280000,1280000,1280000,1280000,1280000,1280000,1280000,1280000,1280000
Philippines,Land area (sq. km),,,298170,298170,298170,298170,298170,298170,298170,298170,298170,298170,298170,298170,298170,298170,298170,298170,298170,298170,298170,298170,298170,298170,298170,298170,298170,298170,298170,298170,298170,298170,298170,298170
Palau,Land area (sq. km),,,,460,460,460,460,460,460,460,460,460,460,460,460,460,460,460,460,460,460,460,460,460,460,460,460,460,460,460,460,460,460,460
Papua New Guinea,Land area (sq. km),,,452860,452860,452860,452860,452860,452860,452860,452860,452860,452860,452860,452860,452860,452860,452860,452860,452860,452860,452860,452860,452860,452860,452860,452860,452860,452860,452860,452860,452860,452860,452860,452860
Poland,Land area (sq. km),,,306290,306290,306290,306290,306290,306290,306290,306290,306290,306290,306290,306290,306290,306240,306330,306330,306320,306320,306300,306280,306280,306230,306220,306210,306190,306190,306190,306190,306170,306170,306170,306170
Pre-demographic dividend,Land area (sq. km),,,20272964.27,20272964.27,20272964.27,20272964.27,20272964.27,20272964.27,20272964.27,20272964.27,20272964.27,20272964.27,20272964.27,20272964.27,20272964.27,20272964.27,20272964.27,20272964.27,20272964.27,20272964.27,20272964.27,20269914.27,20270624.27,20270879.27,20270879.59,20270689.95,20270645.63,20270647.42,20270524.3,20270522.03,20270500.84,20270500.84,20270500.84,20270500.84
Puerto Rico,Land area (sq. km),,,8870,8870,8870,8870,8870,8870,8870,8870,8870,8870,8870,8870,8870,8870,8870,8870,8870,8870,8870,8870,8870,8870,8870,8870,8870,8870,8870,8870,8870,8870,8870,8870
"Korea, Dem. People's Rep.",Land area (sq. km),,,120410,120410,120410,120410,120410,120410,120410,120410,120410,120410,120410,120410,120410,120410,120410,120410,120410,120410,120410,120410,120410,120410,120410,120410,120410,120410,120410,120410,120410,120410,120410,120410
Portugal,Land area (sq. km),,,91500,91500,91500,91500,91500,91500,91500,91500,91500,91500,91500,91500,91500,91500,91500,91470,91470,91470,91470,91590,91590,91590,91590,91605.2,91605.6,91605.6,91605.6,91605.6,91605.6,91605.6,91605.6,91605.6
Paraguay,Land area (sq. km),,,397300,397300,397300,397300,397300,397300,397300,397300,397300,397300,397300,397300,397300,397300,397300,397300,397300,397300,397300,397300,397300,397300,397300,397300,397300,397300,397300,397300,397300,397300,397300,397300
West Bank and Gaza,Land area (sq. km),,,6020,6020,6020,6020,6020,6020,6020,6020,6020,6020,6020,6020,6020,6020,6020,6020,6020,6020,6020,6020,6020,6020,6020,6020,6020,6020,6020,6020,6020,6020,6020,6020
Pacific island small states,Land area (sq. km),,,62860,64200,64200,64200,64200,64200,64200,64200,64200,64200,64200,64200,64200,64200,64200,64200,64200,64200,64200,64200,64200,64200,64200,64200,64200,64200,64200,64200,64200,64200,64200,64200
Post-demographic dividend,Land area (sq. km),,,31355209,31355209,31355249,31355229,31355219,31355269,31355228,31355127,31355026,31354985,31357185,31356940,31354615,31355066,31354738,31354586,31354010.6,31354069.2,31339095.4,31339885.3,31341400.9,31341654.9,31336425.6,31334278.46,31335421.9,31335005.33,31345078.86,31344837.84,31348558.26,31348558.26,31348558.26,31348558.26
French Polynesia,Land area (sq. km),,,3660,3660,3660,3660,3660,3660,3660,3660,3660,3660,3660,3660,3660,3660,3660,3660,3660,3660,3660,3660,3660,3660,3660,3660,3660,3660,3660,3660,3520,3520,3520,3520
Qatar,Land area (sq. km),,,11610,11610,11610,11610,11610,11610,11610,11610,11610,11610,11610,11610,11610,11610,11610,11610,11610,11610,11610,11610,11610,11610,11610,11610,11490,11490,11490,11490,11490,11490,11490,11490
Romania,Land area (sq. km),,,229350,229460,229460,229460,229510,229490,229520,229530,229590,229600,229710,229710,229870,229950,230000,229980,229980,229890,229900,230060,230050,230170,230020,230030,230080,230080,230080,230080,230080,230080,230080,230080
Russian Federation,Land area (sq. km),,,16389950,16389950,16389950,16386180,16381330,16378380,16377960,16378650,16381300,16388510,16381340,16380440,16380940,16380980,16381230,16381390,16377740,16377740,16376870,16376870,16376870,16376870,16376870,16376870,16376870,16376870,16376870,16376870,16376870,16376870,16376870,16376870
Rwanda,Land area (sq. km),,,24670,24670,24670,24670,24670,24670,24670,24670,24670,24670,24670,24670,24670,24670,24670,24670,24670,24670,24670,24670,24670,24670,24670,24670,24670,24670,24670,24670,24670,24670,24670,24670
South Asia,Land area (sq. km),,,4779833,4779833,4779833,4779833,4772910,4772910,4772910,4772910,4772910,4772910,4773260,4773260,4773260,4773260,4771577,4771577,4771577,4771577,4771577,4771577,4771577,4771577,4771577,4771577,4771577,4770760,4770787,4770787,4770754,4770754,4770754,4770754
Saudi Arabia,Land area (sq. km),,,2149690,2149690,2149690,2149690,2149690,2149690,2149690,2149690,2149690,2149690,2149690,2149690,2149690,2149690,2149690,2149690,2149690,2149690,2149690,2149690,2149690,2149690,2149690,2149690,2149690,2149690,2149690,2149690,2149690,2149690,2149690,2149690
Sudan,Land area (sq. km),,,2481353.271,2481353.271,2481353.271,2481353.271,2481353.271,2481353.271,2481353.271,2481353.271,2481353.271,2481353.271,2481353.271,2481353.271,2481353.271,2481353.271,2481353.271,2481353.271,2481353.271,2481353.271,2481353.271,2481353.271,2481353.271,1849374.861,1849379.89,1849378.197,1849349.416,1849351.206,1849240.201,1849238.953,1849233.715,1849233.715,1849233.715,1849233.715
Senegal,Land area (sq. km),,,192530,192530,192530,192530,192530,192530,192530,192530,192530,192530,192530,192530,192530,192530,192530,192530,192530,192530,192530,192530,192530,192530,192530,192530,192530,192530,192530,192530,192530,192530,192530,192530
Singapore,Land area (sq. km),,,670,670,670,670,670,670,670,670,670,670,670,670,675,687,689,689,694,695,700,700,702,704,706,707,709,709,709,709,709,709,709,709
Solomon Islands,Land area (sq. km),,,27990,27990,27990,27990,27990,27990,27990,27990,27990,27990,27990,27990,27990,27990,27990,27990,27990,27990,27990,27990,27990,27990,27990,27990,27990,27990,27990,27990,27990,27990,27990,27990
Sierra Leone,Land area (sq. km),,,72180,72180,72180,72180,72180,72180,72180,72180,72180,72180,72180,72180,72180,72180,72180,72180,72180,72180,72180,72180,72180,72180,72180,72180,72180,72180,72180,72180,72180,72180,72180,72180
El Salvador,Land area (sq. km),,,20720,20720,20720,20720,20720,20720,20720,20720,20720,20720,20720,20720,20720,20720,20720,20720,20720,20720,20720,20720,20720,20720,20720,20720,20720,20720,20720,20720,20720,20720,20720,20720
San Marino,Land area (sq. km),,,60,60,60,60,60,60,60,60,60,60,60,60,60,60,60,60,60,60,60,60,60,60,60,60,60,60,60,60,60,60,60,60
Somalia,Land area (sq. km),,,627340,627340,627340,627340,627340,627340,627340,627340,627340,627340,627340,627340,627340,627340,627340,627340,627340,627340,627340,627340,627340,627340,627340,627340,627340,627340,627340,627340,627340,627340,627340,627340
Serbia,Land area (sq. km),,,87460,87460,87460,87460,87460,87460,87460,87460,87460,87460,87460,87460,87460,87460,87460,87460,87460,87460,87460,87460,87460,87460,87460,87460,87460,87460,87460,87460,87460,87460,87460,87460
Sub-Saharan Africa (excluding high income),Land area (sq. km),,,23823284.27,23823284.27,23823284.27,23722284.27,23722284.27,23722284.27,23722284.27,23722284.27,23722284.27,23722284.27,23722284.27,23722284.27,23722284.27,23722284.27,23851548.6,23851602.05,23851598.62,23851571.57,23851556.33,23851555.25,23852247.65,23852457.36,23852458.97,23852464.33,23852432.68,23852482.34,23852390.34,23852364.03,23852363.23,23852363.23,23852363.23,23852363.23
South Sudan,Land area (sq. km),,,,,,,,,,,,,,,,,,,,,,,,631978.41,631973.704,631972.755,631957.217,631957.218,631945.102,631944.08,631928.123,631928.123,631928.123,631928.123
Sub-Saharan Africa,Land area (sq. km),,,23823744.27,23823744.27,23823744.27,23722744.27,23722744.27,23722744.27,23722744.27,23722744.27,23722744.27,23722744.27,23722744.27,23722744.27,23722744.27,23722744.27,23852008.6,23852062.05,23852058.62,23852031.57,23852016.33,23852015.25,23852707.65,23852917.36,23852918.97,23852924.33,23852892.68,23852942.34,23852850.34,23852824.03,23852823.23,23852823.23,23852823.23,23852823.23
Small states,Land area (sq. km),,,2506944,2508284,2508304,2508304,2501381,2501381,2501381,2501381,2501381,2501381,2501381,2501381,2501381,2501391,2499718,2499728,2499728,2499738,2499748,2499748,2499750,2499755,2499758,2500838,2500719,2500726,2500754,2500755,2501331,2501331,2501331,2501331
Sao Tome and Principe,Land area (sq. km),,,960,960,960,960,960,960,960,960,960,960,960,960,960,960,960,960,960,960,960,960,960,960,960,960,960,960,960,960,960,960,960,960
Suriname,Land area (sq. km),,,156000,156000,156000,156000,156000,156000,156000,156000,156000,156000,156000,156000,156000,156000,156000,156000,156000,156000,156000,156000,156000,156000,156000,156000,156000,156000,156000,156000,156000,156000,156000,156000
Slovak Republic,Land area (sq. km),,,48100,48100,48100,48100,48100,48100,48100,48100,48100,48100,48100,48100,48100,48110,48100,48100,48100,48100,48100,48090,48091,48088,48088,48088,48080,48082,48080,48080,48080,48080,48080,48080
Slovenia,Land area (sq. km),,,20140,20140,20140,20140,20140,20140,20140,20140,20140,20140,20140,20140,20140,20140,20140,20140,20140,20140,20146.2,20145.8,20146.2,20146,20145.7,20140,20140,20142.6,20142,20138.1,20136.4,20136.4,20136.4,20136.4
Sweden,Land area (sq. km),,,410340,410340,410340,410340,410340,410340,410340,410340,410340,410340,410340,410340,410340,410340,410340,410340,410340,410340,410340,410340,410340,410340,407340,407340,407310,407310,407310,407310,407310,407310,407310,407310
Eswatini,Land area (sq. km),,,17200,17200,17200,17200,17200,17200,17200,17200,17200,17200,17200,17200,17200,17200,17200,17200,17200,17200,17200,17200,17200,17200,17200,17200,17200,17200,17200,17200,17200,17200,17200,17200
Sint Maarten (Dutch part),Land area (sq. km),,,34,34,34,34,34,34,34,34,34,34,34,34,34,34,34,34,34,34,34,34,34,34,34,34,34,34,34,34,34,34,34,34
Seychelles,Land area (sq. km),,,460,460,460,460,460,460,460,460,460,460,460,460,460,460,460,460,460,460,460,460,460,460,460,460,460,460,460,460,460,460,460,460
Syrian Arab Republic,Land area (sq. km),,,183780,183780,183780,183780,183780,183780,183780,183780,183780,183780,183780,183780,183780,183590,183570,183570,183630,183640,183640,183640,183630,183630,183630,183630,183630,183630,183630,183630,183630,183630,183630,183630
Turks and Caicos Islands,Land area (sq. km),,,950,950,950,950,950,950,950,950,950,950,950,950,950,950,950,950,950,950,950,950,950,950,950,950,950,950,950,950,950,950,950,950
Chad,Land area (sq. km),,,1259200,1259200,1259200,1259200,1259200,1259200,1259200,1259200,1259200,1259200,1259200,1259200,1259200,1259200,1259200,1259200,1259200,1259200,1259200,1259200,1259200,1259200,1259200,1259200,1259200,1259200,1259200,1259200,1259200,1259200,1259200,1259200
East Asia & Pacific (IDA & IBRD countries),Land area (sq. km),,,15844350,15845690,15845690,15845690,15845690,15845740,15845730,15845730,15845730,15845730,15831290,15831320.2,15830780.2,15830299.7,15830180.5,15830119.8,15830230,15830280,15830070,15830060.5,15830020.7,15830050.9,15829910.9,15829841.3,15829841.3,15833536.8,15899484.9,15899195.2,15899196.9,15899196.9,15899196.9,15899196.9
Europe & Central Asia (IDA & IBRD countries),Land area (sq. km),,,23000614,23000724,23000724,22997034,22992224,22989244,22988924,22989614,22992119,22998942,22991762,22990861,22989685,22989749,22990189,22990267,22986624,22986276,22985384,22985379,22985443,22985525,22985375,22985394,22984919,23000119,23000133,23000146,22989284.3,22989284.3,22989284.3,22989284.3
Togo,Land area (sq. km),,,54390,54390,54390,54390,54390,54390,54390,54390,54390,54390,54390,54390,54390,54390,54390,54390,54390,54390,54390,54390,54390,54390,54390,54390,54390,54390,54390,54390,54390,54390,54390,54390
Thailand,Land area (sq. km),,,510890,510890,510890,510890,510890,510890,510890,510890,510890,510890,510890,510890,510890,510890,510890,510890,510890,510890,510890,510890,510890,510890,510890,510890,510890,510890,510890,510890,510890,510890,510890,510890
Tajikistan,Land area (sq. km),,,139960,139960,139960,139960,139960,139960,139960,139960,139960,139960,139960,139960,139960,139960,139960,139960,139960,139960,139960,139960,139960,139960,139960,139960,138786,138790,138790,138790,138790,138790,138790,138790
Turkmenistan,Land area (sq. km),,,469930,469930,469930,469930,469930,469930,469930,469930,469930,469930,469930,469930,469930,469930,469930,469930,469930,469930,469930,469930,469930,469930,469930,469930,469930,469930,469930,469930,469930,469930,469930,469930
Latin America & the Caribbean (IDA & IBRD countries),Land area (sq. km),,,19942112,19942112,19942112,19942112,19942112,19942112,19942112,19942112,19913632,19913632,19913632,19913632,19913632,19913632,19913632,19913632,19913632,19913632,19913632,19913632,19913632,19913632,19913632,19913632,19913412,19913412,19913412,19913412,19913469,19913469,19913469,19913469
Timor-Leste,Land area (sq. km),,,14870,14870,14870,14870,14870,14870,14870,14870,14870,14870,14870,14870,14870,14870,14870,14870,14870,14870,14870,14870,14870,14870,14870,14870,14870,14870,14870,14870,14870,14870,14870,14870
Middle East & North Africa (IDA & IBRD countries),Land area (sq. km),,,8637920,8637920,8637920,8637920,8637920,8637920,8637920,8637920,8637920,8637920,8637920,8637920,8637920,8637730,8637710,8637710,8637770,8637780,8637780,8635270,8635260,8635260,8635260,8635068,8635068,8635069,8635069,8635069,8635069,8635069,8635069,8635069
Tonga,Land area (sq. km),,,720,720,720,720,720,720,720,720,720,720,720,720,720,720,720,720,720,720,720,720,720,720,720,720,720,720,720,720,720,720,720,720
South Asia (IDA & IBRD),Land area (sq. km),,,4779833,4779833,4779833,4779833,4772910,4772910,4772910,4772910,4772910,4772910,4773260,4773260,4773260,4773260,4771577,4771577,4771577,4771577,4771577,4771577,4771577,4771577,4771577,4771577,4771577,4770760,4770787,4770787,4770754,4770754,4770754,4770754
Sub-Saharan Africa (IDA & IBRD countries),Land area (sq. km),,,23823744.27,23823744.27,23823744.27,23722744.27,23722744.27,23722744.27,23722744.27,23722744.27,23722744.27,23722744.27,23722744.27,23722744.27,23722744.27,23722744.27,23852008.6,23852062.05,23852058.62,23852031.57,23852016.33,23852015.25,23852707.65,23852917.36,23852918.97,23852924.33,23852892.68,23852942.34,23852850.34,23852824.03,23852823.23,23852823.23,23852823.23,23852823.23
Trinidad and Tobago,Land area (sq. km),,,5130,5130,5130,5130,5130,5130,5130,5130,5130,5130,5130,5130,5130,5130,5130,5130,5130,5130,5130,5130,5130,5130,5130,5130,5130,5130,5130,5130,5130,5130,5130,5130
Tunisia,Land area (sq. km),,,155360,155360,155360,155360,155360,155360,155360,155360,155360,155360,155360,155360,155360,155360,155360,155360,155360,155360,155360,155360,155360,155360,155360,155360,155360,155360,155360,155360,155360,155360,155360,155360
Turkiye,Land area (sq. km),,,769630,769630,769630,769630,769630,769630,769630,769630,769630,769630,769630,769630,769630,769630,769630,769630,769630,769630,769630,769630,769630,769630,769630,769630,769630,769630,769630,769630,769630,769630,769630,769630
Tuvalu,Land area (sq. km),,,30,30,30,30,30,30,30,30,30,30,30,30,30,30,30,30,30,30,30,30,30,30,30,30,30,30,30,30,30,30,30,30
Tanzania,Land area (sq. km),,,885800,885800,885800,885800,885800,885800,885800,885800,885800,885800,885800,885800,885800,885800,885800,885800,885800,885800,885800,885800,885800,885800,885800,885800,885800,885800,885800,885800,885800,885800,885800,885800
Uganda,Land area (sq. km),,,199810,199810,199810,199810,199810,199810,199810,199810,199810,199810,199810,199810,199810,199810,199810,199810,199810,199810,199810,199810,200520,200520,200520,200520,200520,200520,200520,200520,200520,200520,200520,200520
Ukraine,Land area (sq. km),,,579350,579350,579350,579350,579350,579350,579350,579350,579350,579350,579350,579350,579340,579340,579340,579380,579360,579330,579320,579320,579320,579320,579320,579320,579290,579290,579290,579300,579400,579400,579400,579400
Upper middle income,Land area (sq. km),,,53337124,53337764,53337764,53334074,53329214,53326304,53325874,53326554,53300589,53307402,53300102,53299201.2,53296865.2,53296908.7,53297169.5,53297256.8,53293634,53293416,53292544,53289889.5,53289963.7,53290398.9,53290194.9,53287593.3,53287462.3,53287547.4,53287503.5,53287267.8,53276360.2,53276360.2,53276360.2,53276360.2
Uruguay,Land area (sq. km),,,175020,175020,175020,175020,175020,175020,175020,175020,175020,175020,175020,175020,175020,175020,175020,175020,175020,175020,175020,175020,175020,175020,175020,175020,175020,175020,175020,175020,175020,175020,175020,175020
United States,Land area (sq. km),,,9158960,9158960,9158960,9158960,9158960,9158960,9158960,9158960,9158960,9158960,9161920,9161920,9161920,9161920,9161920,9161920,9161920,9161920,9147420,9147420,9147420,9147420,9147420,9147420,9147420,9147420,9147420,9147420,9147420,9147420,9147420,9147420
Uzbekistan,Land area (sq. km),,,425400,425400,425400,425400,425400,425400,425400,425400,425400,425400,425400,425400,425400,425400,425400,425400,425400,425400,425400,425400,425400,425400,425400,425400,425400,440591,440588,440587,440555,440555,440555,440555
St. Vincent and the Grenadines,Land area (sq. km),,,390,390,390,390,390,390,390,390,390,390,390,390,390,390,390,390,390,390,390,390,390,390,390,390,390,390,390,390,390,390,390,390
"Venezuela, RB",Land area (sq. km),,,882050,882050,882050,882050,882050,882050,882050,882050,882050,882050,882050,882050,882050,882050,882050,882050,882050,882050,882050,882050,882050,882050,882050,882050,882050,882050,882050,882050,882050,882050,882050,882050
British Virgin Islands,Land area (sq. km),,,150,150,150,150,150,150,150,150,150,150,150,150,150,150,150,150,150,150,150,150,150,150,150,150,150,150,150,150,150,150,150,150
Virgin Islands (U.S.),Land area (sq. km),,,350,350,350,350,350,350,350,350,350,350,350,350,350,350,350,350,350,350,350,350,350,350,350,350,350,350,350,350,350,350,350,350
Vietnam,Land area (sq. km),,,325490,325490,325490,325490,325490,325490,325490,325490,325490,325490,311060,311090,310550,310070,310070,310070,310070,310070,310070,310070,310070,310070,310070,310070,310070,310070,310070,310070,310070,310070,310070,310070
Vanuatu,Land area (sq. km),,,12190,12190,12190,12190,12190,12190,12190,12190,12190,12190,12190,12190,12190,12190,12190,12190,12190,12190,12190,12190,12190,12190,12190,12190,12190,12190,12190,12190,12190,12190,12190,12190
World,Land area (sq. km),,,129852140.7,129854050.7,129854110.7,129749400.7,129737657.7,129734777.7,129734336.7,129803675.7,129777669.7,129784451.7,129765381.7,129764265.9,129762074.9,129761969.4,129889503.5,129889492.3,129885400.6,129885204.2,129869133.2,129867501.5,129869706.7,129870230.2,129864695.5,129863403.1,129862977.9,129880684.5,129956634.1,129956069.1,129949282.7,129949282.7,129949282.7,129949282.7
Samoa,Land area (sq. km),,,2830,2830,2830,2830,2830,2830,2830,2830,2830,2830,2830,2830,2830,2830,2830,2830,2830,2830,2830,2830,2830,2830,2830,2830,2830,2830,2830,2830,2830,2830,2830,2830
Kosovo,Land area (sq. km),,,10887,10887,10887,10887,10887,10887,10887,10887,10887,10887,10887,10887,10887,10887,10887,10887,10887,10887,10887,10887,10887,10887,10887,10887,10887,10887,10887,10887,,,,
"Yemen, Rep.",Land area (sq. km),,,527970,527970,527970,527970,527970,527970,527970,527970,527970,527970,527970,527970,527970,527970,527970,527970,527970,527970,527970,527970,527970,527970,527970,527970,527970,527970,527970,527970,527970,527970,527970,527970
South Africa,Land area (sq. km),,,1213090,1213090,1213090,1213090,1213090,1213090,1213090,1213090,1213090,1213090,1213090,1213090,1213090,1213090,1213090,1213090,1213090,1213090,1213090,1213090,1213090,1213090,1213090,1213090,1213090,1213090,1213090,1213090,1213090,1213090,1213090,1213090
Zambia,Land area (sq. km),,,743390,743390,743390,743390,743390,743390,743390,743390,743390,743390,743390,743390,743390,743390,743390,743390,743390,743390,743390,743390,743390,743390,743390,743390,743390,743390,743390,743390,743390,743390,743390,743390
Zimbabwe,Land area (sq. km),,,386850,386850,386850,386850,386850,386850,386850,386850,386850,386850,386850,386850,386850,386850,386850,386850,386850,386850,386850,386850,386850,386850,386850,386850,386850,386850,386850,386850,386850,386850,386850,386850
